{
  "properties": {
    "connectionReferences": {
      "shared_teams": {
        "runtimeSource": "embedded",
        "connection": {
          "connectionReferenceLogicalName": "notify_MicrosoftTeams"
        },
        "api": {
          "name": "shared_teams"
        }
      },
      "shared_office365users": {
        "runtimeSource": "embedded",
        "connection": {
          "connectionReferenceLogicalName": "notify_Office365Users"
        },
        "api": {
          "name": "shared_office365users"
        }
      },
      "shared_sharepointonline": {
        "runtimeSource": "embedded",
        "connection": {
          "connectionReferenceLogicalName": "notify_sharedsharepointonline_06919"
        },
        "api": {
          "name": "shared_sharepointonline"
        }
      },
      "shared_office365": {
        "runtimeSource": "embedded",
        "connection": {
          "connectionReferenceLogicalName": "notify_Office365Outlook"
        },
        "api": {
          "name": "shared_office365"
        }
      }
    },
    "definition": {
      "$schema": "https://schema.management.azure.com/providers/Microsoft.Logic/schemas/2016-06-01/workflowdefinition.json#",
      "contentVersion": "1.0.0.0",
      "parameters": {
        "$connections": {
          "defaultValue": {},
          "type": "Object"
        },
        "$authentication": {
          "defaultValue": {},
          "type": "SecureObject"
        },
        "SPOSite (notify_SPOSite)": {
          "defaultValue": "https://teamcontoso.sharepoint.com/teams/EmergencyCallingDemo",
          "type": "String",
          "metadata": {
            "schemaName": "notify_SPOSite"
          }
        },
        "SPOList (notify_SPOList)": {
          "defaultValue": "020e4611-3c77-4072-935d-9e3ca7e74511",
          "type": "String",
          "metadata": {
            "schemaName": "notify_SPOList"
          }
        },
        "SitePrefix (notify_SitePrefix)": {
          "defaultValue": "Loc",
          "type": "String",
          "metadata": {
            "schemaName": "notify_SitePrefix"
          }
        }
      },
      "triggers": {
        "When_a_new_chat_message_is_added": {
          "metadata": {
            "operationMetadataId": "4f9b88d0-d746-4edc-89d5-f1e3fd38a369"
          },
          "type": "OpenApiConnectionWebhook",
          "inputs": {
            "host": {
              "connectionName": "shared_teams",
              "operationId": "WebhookChatMessageTrigger",
              "apiId": "/providers/Microsoft.PowerApps/apis/shared_teams"
            },
            "parameters": {},
            "authentication": "@parameters('$authentication')"
          }
        }
      },
      "actions": {
        "Initialize_SiteSearch_variable": {
          "runAfter": {},
          "metadata": {
            "operationMetadataId": "21f86b23-33f7-4cf9-9227-1c93ecece8ff"
          },
          "type": "InitializeVariable",
          "inputs": {
            "variables": [
              {
                "name": "SiteSearch",
                "type": "string",
                "value": "@{null}"
              }
            ]
          }
        },
        "Initialize_word_index_variable": {
          "runAfter": {
            "Initialize_SiteSearch_variable": [
              "Succeeded"
            ]
          },
          "metadata": {
            "operationMetadataId": "4bc2b074-8207-45da-a20a-0a82ff0e91ba"
          },
          "type": "InitializeVariable",
          "inputs": {
            "variables": [
              {
                "name": "index",
                "type": "integer",
                "value": "@null"
              }
            ]
          }
        },
        "Initialize_PhoneNumber_variable": {
          "runAfter": {
            "Initialize_word_index_variable": [
              "Succeeded"
            ]
          },
          "metadata": {
            "operationMetadataId": "c7bf3661-20bb-4058-87d1-eb564348b875"
          },
          "type": "InitializeVariable",
          "inputs": {
            "variables": [
              {
                "name": "PhoneNumber",
                "type": "string",
                "value": "None"
              }
            ]
          }
        },
        "Initialize_MobileNumber_variable": {
          "runAfter": {
            "Initialize_PhoneNumber_variable": [
              "Succeeded"
            ]
          },
          "metadata": {
            "operationMetadataId": "ce463997-6af0-4257-8af2-55855d537169"
          },
          "type": "InitializeVariable",
          "inputs": {
            "variables": [
              {
                "name": "MobileNumber",
                "type": "string",
                "value": "None"
              }
            ]
          }
        },
        "Apply_to_each": {
          "foreach": "@triggerOutputs()?['body/value']",
          "actions": {
            "Get_message_details": {
              "runAfter": {},
              "metadata": {
                "operationMetadataId": "948cf583-67ad-4bb1-a7b2-7a53bea85d2b"
              },
              "type": "OpenApiConnection",
              "inputs": {
                "host": {
                  "connectionName": "shared_teams",
                  "operationId": "GetMessageDetails",
                  "apiId": "/providers/Microsoft.PowerApps/apis/shared_teams"
                },
                "parameters": {
                  "messageId": "@items('Apply_to_each')?['messageId']",
                  "threadType": "groupchat",
                  "body/recipient": "@items('Apply_to_each')?['conversationId']"
                },
                "authentication": "@parameters('$authentication')"
              }
            },
            "Condition": {
              "actions": {
                "Set_SiteSearch_variable_-_message_content": {
                  "runAfter": {},
                  "metadata": {
                    "operationMetadataId": "508c14a5-2aee-458d-b615-48ef9690245b"
                  },
                  "type": "SetVariable",
                  "inputs": {
                    "name": "SiteSearch",
                    "value": "@outputs('Get_message_details')?['body/body/plainTextContent']"
                  }
                },
                "Compose": {
                  "runAfter": {
                    "Set_variable_3": [
                      "Succeeded"
                    ]
                  },
                  "metadata": {
                    "operationMetadataId": "11710e7f-f8ae-474a-a106-e4cb8d3ea7f8"
                  },
                  "type": "Compose",
                  "inputs": "@split(variables('SiteSearch'), ' ')"
                },
                "Select": {
                  "runAfter": {
                    "Compose": [
                      "Succeeded"
                    ]
                  },
                  "metadata": {
                    "operationMetadataId": "1a533ae9-0de4-490f-a6d5-289a833e27cd"
                  },
                  "type": "Select",
                  "inputs": {
                    "from": "@range(0, length(outputs('Compose')))",
                    "select": {
                      "String": "@outputs('Compose')?[item()]",
                      "Index": "@item()"
                    }
                  }
                },
                "Filter_array": {
                  "runAfter": {
                    "Select": [
                      "Succeeded"
                    ]
                  },
                  "metadata": {
                    "operationMetadataId": "a1b98e8e-72d8-4d3e-a67e-0acdc556f12e"
                  },
                  "type": "Query",
                  "inputs": {
                    "from": "@body('Select')",
                    "where": "@equals(item()?['String'], parameters('SitePrefix (notify_SitePrefix)'))"
                  }
                },
                "Set_word_index_variable": {
                  "runAfter": {
                    "Filter_array": [
                      "Succeeded"
                    ]
                  },
                  "metadata": {
                    "operationMetadataId": "11f48b3b-45b9-4a5c-8112-d30acb3872eb"
                  },
                  "type": "SetVariable",
                  "inputs": {
                    "name": "index",
                    "value": "@add(1, int(first(body('Filter_array'))?['Index']))"
                  }
                },
                "Compose_2": {
                  "runAfter": {
                    "Set_word_index_variable": [
                      "Succeeded"
                    ]
                  },
                  "metadata": {
                    "operationMetadataId": "fbdd414d-a06d-4333-9d51-7167408720cd"
                  },
                  "type": "Compose",
                  "inputs": "@outputs('Compose')[variables('index')]"
                },
                "Get_user_profile_(V2)": {
                  "runAfter": {
                    "Compose_2": [
                      "Succeeded"
                    ]
                  },
                  "metadata": {
                    "operationMetadataId": "60cde498-9672-4a6d-b73a-0e915f681f28"
                  },
                  "type": "OpenApiConnection",
                  "inputs": {
                    "host": {
                      "connectionName": "shared_office365users",
                      "operationId": "UserProfile_V2",
                      "apiId": "/providers/Microsoft.PowerApps/apis/shared_office365users"
                    },
                    "parameters": {
                      "id": "@outputs('Get_message_details')?['body/from/user/id']"
                    },
                    "authentication": "@parameters('$authentication')"
                  }
                },
                "Set_variable": {
                  "runAfter": {
                    "Get_user_profile_(V2)": [
                      "Succeeded"
                    ]
                  },
                  "metadata": {
                    "operationMetadataId": "46a656f7-7e9f-4edb-8a7b-8863718f336a"
                  },
                  "type": "SetVariable",
                  "inputs": {
                    "name": "PhoneNumber",
                    "value": "@{if(empty(outputs('Get_user_profile_(V2)')?['body/businessPhones']),'Not found in profile',outputs('Get_user_profile_(V2)')?['body/businessPhones'][0])}"
                  }
                },
                "Set_variable_2": {
                  "runAfter": {
                    "Set_variable": [
                      "Succeeded"
                    ]
                  },
                  "metadata": {
                    "operationMetadataId": "cbe68d8d-c9a2-4d8f-8c36-9f49088c66f5"
                  },
                  "type": "SetVariable",
                  "inputs": {
                    "name": "MobileNumber",
                    "value": "@{if(empty(outputs('Get_user_profile_(V2)')?['body/mobilePhone']),'Not found in profile',outputs('Get_user_profile_(V2)')?['body/mobilePhone'])}"
                  }
                },
                "Get_items": {
                  "runAfter": {
                    "Set_variable_2": [
                      "Succeeded"
                    ]
                  },
                  "metadata": {
                    "operationMetadataId": "28ee71b5-86b2-4d3e-817b-c693341126ad"
                  },
                  "type": "OpenApiConnection",
                  "inputs": {
                    "host": {
                      "connectionName": "shared_sharepointonline",
                      "operationId": "GetItems",
                      "apiId": "/providers/Microsoft.PowerApps/apis/shared_sharepointonline"
                    },
                    "parameters": {
                      "dataset": "@parameters('SPOSite (notify_SPOSite)')",
                      "table": "@parameters('SPOList (notify_SPOList)')",
                      "$filter": "Title eq '@{outputs('Compose_2')}'",
                      "$top": 1
                    },
                    "authentication": "@parameters('$authentication')"
                  }
                },
                "Apply_to_each_2": {
                  "foreach": "@outputs('Get_items')?['body/value']",
                  "actions": {
                    "Send_an_email_(V2)": {
                      "runAfter": {},
                      "metadata": {
                        "operationMetadataId": "a34038ad-ab4d-4427-85e6-753cadc9f445"
                      },
                      "type": "OpenApiConnection",
                      "inputs": {
                        "host": {
                          "connectionName": "shared_office365",
                          "operationId": "SendEmailV2",
                          "apiId": "/providers/Microsoft.PowerApps/apis/shared_office365"
                        },
                        "parameters": {
                          "emailMessage/To": "@items('Apply_to_each_2')?['Email']",
                          "emailMessage/Subject": "Emergency call notification from @{outputs('Get_user_profile_(V2)')?['body/displayName']}",
                          "emailMessage/Body": "<p style=\"text-align: center;\"><br></p>\n<table style=\"width: 100%;\">\n   <tbody>\n       <tr>\n           <td style=\"width: 100%; background-color: rgb(226, 80, 65);\">\n               <div style=\"text-align: center;\"><span style='color: rgb(255, 255, 255); font-family: \"Courier New\", courier;'><strong>EMERGENCY CALL NOTIFICATION</strong></span></div>\n           </td>\n       </tr>\n       <tr>\n           <td style=\"width: 100.0000%;\">\n               <div style=\"text-align: center;\"><span style=\"font-family: Courier New, courier;\">@{outputs('Get_message_details')?['body/body/content']}</span></div>\n<p style=\"text-align: center;\"><span style=\"font-family: Courier New, courier;\">Telephone Number: @{variables('PhoneNumber')}</span></p>\n<p style=\"text-align: center;\"><span style=\"font-family: Courier New, courier;\">Mobile Number: @{variables('MobileNumber')}</span></p>\n           </td>\n       </tr>\n       <tr>\n           <td style=\"width: 100%; background-color: rgb(226, 80, 65);\"><span style=\"font-family: Courier New, courier;\"><br></span></td>\n       </tr>\n   </tbody>\n</table>",
                          "emailMessage/Importance": "High"
                        },
                        "authentication": "@parameters('$authentication')"
                      }
                    }
                  },
                  "runAfter": {
                    "Get_items": [
                      "Succeeded"
                    ]
                  },
                  "metadata": {
                    "operationMetadataId": "be263933-3121-4631-a88c-c9f582a46a27"
                  },
                  "type": "Foreach"
                },
                "Compose_3": {
                  "runAfter": {
                    "Set_SiteSearch_variable_-_message_content": [
                      "Succeeded"
                    ]
                  },
                  "metadata": {
                    "operationMetadataId": "a292f409-5af7-4077-806d-1a3f3f195114"
                  },
                  "type": "Compose",
                  "inputs": "@replace(variables('SiteSearch'),decodeUriComponent('%0A'),' ')"
                },
                "Set_variable_3": {
                  "runAfter": {
                    "Compose_3": [
                      "Succeeded"
                    ]
                  },
                  "metadata": {
                    "operationMetadataId": "58054479-de56-4181-91e0-ea728065c07c"
                  },
                  "type": "SetVariable",
                  "inputs": {
                    "name": "SiteSearch",
                    "value": "@{outputs('Compose_3')}"
                  }
                }
              },
              "runAfter": {
                "Get_message_details": [
                  "Succeeded"
                ]
              },
              "expression": {
                "contains": [
                  "@outputs('Get_message_details')?['body/body/plainTextContent']",
                  "has placed an Emergency Call"
                ]
              },
              "metadata": {
                "operationMetadataId": "0085b282-e4cb-4ad8-8a17-91a60159cd49"
              },
              "type": "If"
            }
          },
          "runAfter": {
            "Initialize_MobileNumber_variable": [
              "Succeeded"
            ]
          },
          "metadata": {
            "operationMetadataId": "c9b2b33a-92b6-4ad2-b727-6c7debe783a7"
          },
          "type": "Foreach"
        }
      }
    },
    "templateName": ""
  },
  "schemaVersion": "1.0.0.0"
}